{"_wandb":{"runtime":1},"acc":0.831062847252949,"loss":0.06920386346019974,"_timestamp":1.7292540862023451e+09,"_runtime":1.094470537,"_step":7}